{
  "properties": {
    "connectionReferences": {
      "shared_commondataserviceforapps": {
        "runtimeSource": "embedded",
        "connection": {
          "connectionReferenceLogicalName": "new_sharedcommondataserviceforapps_30613"
        },
        "api": {
          "name": "shared_commondataserviceforapps"
        }
      }
    },
    "definition": {
      "$schema": "https://schema.management.azure.com/providers/Microsoft.Logic/schemas/2016-06-01/workflowdefinition.json#",
      "contentVersion": "1.0.0.0",
      "parameters": {
        "$connections": {
          "defaultValue": {},
          "type": "Object"
        },
        "$authentication": {
          "defaultValue": {},
          "type": "SecureObject"
        }
      },
      "triggers": {
        "manual": {
          "metadata": {
            "operationMetadataId": "079fdc4b-5ead-4079-989d-df5ea3019b6e"
          },
          "type": "Request",
          "kind": "PowerApp",
          "inputs": {
            "schema": {
              "type": "object",
              "properties": {},
              "required": []
            }
          }
        }
      },
      "actions": {
        "GetAdminResults": {
          "runAfter": {
            "InitMatchesName": [
              "Succeeded"
            ]
          },
          "metadata": {
            "operationMetadataId": "b30f6f37-a84e-4525-9646-ecee91842e1a"
          },
          "type": "OpenApiConnection",
          "inputs": {
            "host": {
              "connectionName": "shared_commondataserviceforapps",
              "operationId": "ListRecords",
              "apiId": "/providers/Microsoft.PowerApps/apis/shared_commondataserviceforapps"
            },
            "parameters": {
              "entityName": "ms_matcheses",
              "$select": "ms_awayresult,ms_awayteam,ms_homeresult,ms_hometeam,ms_id,ms_matchesid,ms_name,ms_roundid,ms_selectedaway,ms_selectedhome,ms_user",
              "$filter": "ms_user eq 'admin' and ms_name eq '@{variables('MatchesName')}' and (ms_selectedhome ne 0 or ms_selectedaway ne 0)"
            },
            "authentication": {
              "type": "Raw",
              "value": "@json(decodeBase64(triggerOutputs().headers['X-MS-APIM-Tokens']))['$ConnectionKey']"
            }
          }
        },
        "InitMatchesName": {
          "runAfter": {},
          "metadata": {
            "operationMetadataId": "6c84451f-8d18-4211-aa38-04d6507cfe0b"
          },
          "type": "InitializeVariable",
          "inputs": {
            "variables": [
              {
                "name": "MatchesName",
                "type": "string",
                "value": "59"
              }
            ]
          }
        },
        "GetProperties": {
          "runAfter": {
            "Condition": [
              "Succeeded",
              "Failed",
              "Skipped",
              "TimedOut"
            ]
          },
          "metadata": {
            "operationMetadataId": "79f034e7-81d3-4ab4-a462-0c61e14faef2"
          },
          "type": "OpenApiConnection",
          "inputs": {
            "host": {
              "connectionName": "shared_commondataserviceforapps",
              "operationId": "ListRecords",
              "apiId": "/providers/Microsoft.PowerApps/apis/shared_commondataserviceforapps"
            },
            "parameters": {
              "entityName": "ms_propertieses",
              "$select": "ms_name,ms_value,ms_propertiesid",
              "$filter": "ms_name eq 'match59InProgress'",
              "$top": 1
            },
            "authentication": {
              "type": "Raw",
              "value": "@json(decodeBase64(triggerOutputs().headers['X-MS-APIM-Tokens']))['$ConnectionKey']"
            }
          }
        },
        "ApplyToProperties": {
          "foreach": "@outputs('GetProperties')?['body/value']",
          "actions": {
            "UpdateProperties": {
              "runAfter": {},
              "metadata": {
                "operationMetadataId": "c1fb5923-a00c-4faa-b241-811cf68d50ec"
              },
              "type": "OpenApiConnection",
              "inputs": {
                "host": {
                  "connectionName": "shared_commondataserviceforapps",
                  "operationId": "UpdateRecord",
                  "apiId": "/providers/Microsoft.PowerApps/apis/shared_commondataserviceforapps"
                },
                "parameters": {
                  "entityName": "ms_propertieses",
                  "recordId": "@items('ApplyToProperties')?['ms_propertiesid']",
                  "item/ms_value": "0"
                },
                "authentication": {
                  "type": "Raw",
                  "value": "@json(decodeBase64(triggerOutputs().headers['X-MS-APIM-Tokens']))['$ConnectionKey']"
                }
              }
            }
          },
          "runAfter": {
            "GetProperties": [
              "Succeeded"
            ]
          },
          "metadata": {
            "operationMetadataId": "3330b41e-53bd-4750-a17c-817250f511d8"
          },
          "type": "Foreach"
        },
        "Condition": {
          "actions": {
            "ComposeAdminResults": {
              "runAfter": {},
              "metadata": {
                "operationMetadataId": "29b7be93-3d0a-4d0d-b15b-01f209cca149"
              },
              "type": "Compose",
              "inputs": "@outputs('GetAdminResults')?['body/value']"
            },
            "ListUsersMatches": {
              "runAfter": {
                "ComposeAdminResults": [
                  "Succeeded"
                ]
              },
              "metadata": {
                "operationMetadataId": "7d5a6693-a8af-423f-8c42-f93a53ddbd23"
              },
              "type": "OpenApiConnection",
              "inputs": {
                "host": {
                  "connectionName": "shared_commondataserviceforapps",
                  "operationId": "ListRecords",
                  "apiId": "/providers/Microsoft.PowerApps/apis/shared_commondataserviceforapps"
                },
                "parameters": {
                  "entityName": "ms_matcheses",
                  "$select": "ms_awayresult,ms_awayteam,ms_homeresult,ms_hometeam,ms_id,ms_matchesid,ms_name,ms_roundid,ms_selectedaway,ms_selectedhome,ms_user",
                  "$filter": "ms_name eq '@{variables('MatchesName')}'  and ms_user ne 'admin' and ms_user ne 'base' ",
                  "$expand": "ms_GameUser($select=ms_gameusersid)"
                },
                "authentication": {
                  "type": "Raw",
                  "value": "@json(decodeBase64(triggerOutputs().headers['X-MS-APIM-Tokens']))['$ConnectionKey']"
                }
              },
              "runtimeConfiguration": {
                "paginationPolicy": {
                  "minimumItemCount": 100000
                }
              }
            },
            "ApplytoUserResults": {
              "foreach": "@outputs('ListUsersMatches')?['body/value']",
              "actions": {
                "UpdateMatch59": {
                  "runAfter": {},
                  "metadata": {
                    "operationMetadataId": "8b0e56dd-7ac9-4562-b362-d821d1374e9c"
                  },
                  "type": "OpenApiConnection",
                  "inputs": {
                    "host": {
                      "connectionName": "shared_commondataserviceforapps",
                      "operationId": "UpdateRecord",
                      "apiId": "/providers/Microsoft.PowerApps/apis/shared_commondataserviceforapps"
                    },
                    "parameters": {
                      "entityName": "ms_gameuserses",
                      "recordId": "@items('ApplytoUserResults')?['ms_gameuser/ms_gameusersid']",
                      "item/ms_match59": "@if(and(and(not(equals(outputs('ComposeAdminResults')[0]?['ms_selectedhome'], 0)), not(equals(outputs('ComposeAdminResults')[0]?['ms_selectedhome'], items('ApplytoUserResults')?['ms_selectedhome']))),and(not(equals(outputs('ComposeAdminResults')[0]?['ms_selectedaway'], 0)), not(equals(outputs('ComposeAdminResults')[0]?['ms_selectedaway'], items('ApplytoUserResults')?['ms_selectedaway'])))),0, if(and(and(not(equals(outputs('ComposeAdminResults')[0]?['ms_selectedhome'], 0)), equals(outputs('ComposeAdminResults')[0]?['ms_selectedhome'], items('ApplytoUserResults')?['ms_selectedhome'])), and(not(equals(outputs('ComposeAdminResults')[0]?['ms_selectedaway'], 0)), equals(outputs('ComposeAdminResults')[0]?['ms_selectedaway'], items('ApplytoUserResults')?['ms_selectedaway']))), 50, if(or(and(not(equals(outputs('ComposeAdminResults')[0]?['ms_selectedhome'], 0)), equals(outputs('ComposeAdminResults')[0]?['ms_selectedhome'], items('ApplytoUserResults')?['ms_selectedhome'])),and(not(equals(outputs('ComposeAdminResults')[0]?['ms_selectedaway'], 0)), equals(outputs('ComposeAdminResults')[0]?['ms_selectedaway'], items('ApplytoUserResults')?['ms_selectedaway']))),25,0)))"
                    },
                    "authentication": {
                      "type": "Raw",
                      "value": "@json(decodeBase64(triggerOutputs().headers['X-MS-APIM-Tokens']))['$ConnectionKey']"
                    }
                  }
                }
              },
              "runAfter": {
                "ListUsersMatches": [
                  "Succeeded"
                ]
              },
              "metadata": {
                "operationMetadataId": "acee766c-5606-4cec-8e96-59c6cf2e2740"
              },
              "type": "Foreach"
            }
          },
          "runAfter": {
            "GetAdminResults": [
              "Succeeded"
            ]
          },
          "expression": {
            "not": {
              "equals": [
                "@empty(outputs('GetAdminResults')?['body/value'])",
                "@true"
              ]
            }
          },
          "metadata": {
            "operationMetadataId": "b9fd9a54-20c7-423b-839b-5629c1233e31"
          },
          "type": "If"
        }
      }
    },
    "templateName": null
  },
  "schemaVersion": "1.0.0.0"
}