{
  "properties": {
    "connectionReferences": {
      "shared_commondataserviceforapps": {
        "runtimeSource": "embedded",
        "connection": {
          "connectionReferenceLogicalName": "new_sharedcommondataserviceforapps_30613"
        },
        "api": {
          "name": "shared_commondataserviceforapps"
        }
      }
    },
    "definition": {
      "$schema": "https://schema.management.azure.com/providers/Microsoft.Logic/schemas/2016-06-01/workflowdefinition.json#",
      "contentVersion": "1.0.0.0",
      "parameters": {
        "$connections": {
          "defaultValue": {},
          "type": "Object"
        },
        "$authentication": {
          "defaultValue": {},
          "type": "SecureObject"
        }
      },
      "triggers": {
        "manual": {
          "metadata": {
            "operationMetadataId": "1d401e1d-37cf-4e4c-9583-414666a1cde2"
          },
          "type": "Request",
          "kind": "PowerApp",
          "inputs": {
            "schema": {
              "type": "object",
              "properties": {},
              "required": []
            }
          }
        }
      },
      "actions": {
        "GetAdminResults": {
          "runAfter": {
            "InitIsPopertyNotFound": [
              "Succeeded"
            ]
          },
          "metadata": {
            "operationMetadataId": "b30f6f37-a84e-4525-9646-ecee91842e1a"
          },
          "type": "OpenApiConnection",
          "inputs": {
            "host": {
              "connectionName": "shared_commondataserviceforapps",
              "operationId": "ListRecords",
              "apiId": "/providers/Microsoft.PowerApps/apis/shared_commondataserviceforapps"
            },
            "parameters": {
              "entityName": "ms_matcheses",
              "$select": "ms_awayresult,ms_awayteam,ms_homeresult,ms_hometeam,ms_id,ms_matchesid,ms_name,ms_roundid,ms_selectedaway,ms_selectedhome,ms_user",
              "$filter": "ms_user eq 'admin' and ms_name eq '@{variables('MatchesName')}' and (ms_selectedhome ne 0 or ms_selectedaway ne 0)"
            },
            "authentication": {
              "type": "Raw",
              "value": "@json(decodeBase64(triggerOutputs().headers['X-MS-APIM-Tokens']))['$ConnectionKey']"
            }
          }
        },
        "InitMatchesName": {
          "runAfter": {},
          "metadata": {
            "operationMetadataId": "c56f2aee-93af-469b-95f5-072d2e7b1c00"
          },
          "type": "InitializeVariable",
          "inputs": {
            "variables": [
              {
                "name": "MatchesName",
                "type": "string",
                "value": "52"
              }
            ]
          }
        },
        "Condition": {
          "actions": {
            "ComposeAdminResults": {
              "runAfter": {},
              "metadata": {
                "operationMetadataId": "29b7be93-3d0a-4d0d-b15b-01f209cca149"
              },
              "type": "Compose",
              "inputs": "@outputs('GetAdminResults')?['body/value']"
            },
            "ListUsersMatches": {
              "runAfter": {
                "ComposeAdminResults": [
                  "Succeeded"
                ]
              },
              "metadata": {
                "operationMetadataId": "7d5a6693-a8af-423f-8c42-f93a53ddbd23"
              },
              "type": "OpenApiConnection",
              "inputs": {
                "host": {
                  "connectionName": "shared_commondataserviceforapps",
                  "operationId": "ListRecords",
                  "apiId": "/providers/Microsoft.PowerApps/apis/shared_commondataserviceforapps"
                },
                "parameters": {
                  "entityName": "ms_matcheses",
                  "$select": "ms_awayresult,ms_awayteam,ms_homeresult,ms_hometeam,ms_id,ms_matchesid,ms_name,ms_roundid,ms_selectedaway,ms_selectedhome,ms_user",
                  "$filter": "ms_name eq '@{variables('MatchesName')}'  and ms_user ne 'admin' and ms_user ne 'base' ",
                  "$expand": "ms_GameUser($select=ms_gameusersid)"
                },
                "authentication": {
                  "type": "Raw",
                  "value": "@json(decodeBase64(triggerOutputs().headers['X-MS-APIM-Tokens']))['$ConnectionKey']"
                }
              },
              "runtimeConfiguration": {
                "paginationPolicy": {
                  "minimumItemCount": 100000
                }
              }
            },
            "ApplytoUserResults": {
              "foreach": "@outputs('ListUsersMatches')?['body/value']",
              "actions": {
                "UpdateMatch52": {
                  "runAfter": {},
                  "metadata": {
                    "operationMetadataId": "8b0e56dd-7ac9-4562-b362-d821d1374e9c"
                  },
                  "type": "OpenApiConnection",
                  "inputs": {
                    "host": {
                      "connectionName": "shared_commondataserviceforapps",
                      "operationId": "UpdateRecord",
                      "apiId": "/providers/Microsoft.PowerApps/apis/shared_commondataserviceforapps"
                    },
                    "parameters": {
                      "entityName": "ms_gameuserses",
                      "recordId": "@items('ApplytoUserResults')?['ms_gameuser/ms_gameusersid']",
                      "item/ms_match52": "@if(and(and(not(equals(outputs('ComposeAdminResults')[0]?['ms_selectedhome'], 0)), not(equals(outputs('ComposeAdminResults')[0]?['ms_selectedhome'], items('ApplytoUserResults')?['ms_selectedhome']))),and(not(equals(outputs('ComposeAdminResults')[0]?['ms_selectedaway'], 0)), not(equals(outputs('ComposeAdminResults')[0]?['ms_selectedaway'], items('ApplytoUserResults')?['ms_selectedaway'])))),0, if(and(and(not(equals(outputs('ComposeAdminResults')[0]?['ms_selectedhome'], 0)), equals(outputs('ComposeAdminResults')[0]?['ms_selectedhome'], items('ApplytoUserResults')?['ms_selectedhome'])), and(not(equals(outputs('ComposeAdminResults')[0]?['ms_selectedaway'], 0)), equals(outputs('ComposeAdminResults')[0]?['ms_selectedaway'], items('ApplytoUserResults')?['ms_selectedaway']))), 20, if(or(and(not(equals(outputs('ComposeAdminResults')[0]?['ms_selectedhome'], 0)), equals(outputs('ComposeAdminResults')[0]?['ms_selectedhome'], items('ApplytoUserResults')?['ms_selectedhome'])),and(not(equals(outputs('ComposeAdminResults')[0]?['ms_selectedaway'], 0)), equals(outputs('ComposeAdminResults')[0]?['ms_selectedaway'], items('ApplytoUserResults')?['ms_selectedaway']))),10,0)))\r\n"
                    },
                    "authentication": {
                      "type": "Raw",
                      "value": "@json(decodeBase64(triggerOutputs().headers['X-MS-APIM-Tokens']))['$ConnectionKey']"
                    }
                  }
                }
              },
              "runAfter": {
                "ListUsersMatches": [
                  "Succeeded"
                ]
              },
              "metadata": {
                "operationMetadataId": "acee766c-5606-4cec-8e96-59c6cf2e2740"
              },
              "type": "Foreach"
            }
          },
          "runAfter": {
            "GetAdminResults": [
              "Succeeded"
            ]
          },
          "else": {
            "actions": {
              "ListUsersMatches_2": {
                "runAfter": {},
                "metadata": {
                  "operationMetadataId": "7d5a6693-a8af-423f-8c42-f93a53ddbd23"
                },
                "type": "OpenApiConnection",
                "inputs": {
                  "host": {
                    "connectionName": "shared_commondataserviceforapps",
                    "operationId": "ListRecords",
                    "apiId": "/providers/Microsoft.PowerApps/apis/shared_commondataserviceforapps"
                  },
                  "parameters": {
                    "entityName": "ms_matcheses",
                    "$select": "ms_awayresult,ms_awayteam,ms_homeresult,ms_hometeam,ms_id,ms_matchesid,ms_name,ms_roundid,ms_selectedaway,ms_selectedhome,ms_user",
                    "$filter": "ms_name eq '@{variables('MatchesName')}'  and ms_user ne 'admin' and ms_user ne 'base' ",
                    "$expand": "ms_GameUser($select=ms_gameusersid)"
                  },
                  "authentication": {
                    "type": "Raw",
                    "value": "@json(decodeBase64(triggerOutputs().headers['X-MS-APIM-Tokens']))['$ConnectionKey']"
                  }
                },
                "runtimeConfiguration": {
                  "paginationPolicy": {
                    "minimumItemCount": 100000
                  }
                }
              },
              "ApplytoUserResults_2": {
                "foreach": "@outputs('ListUsersMatches_2')?['body/value']",
                "actions": {
                  "UpdateMatch52_2": {
                    "runAfter": {},
                    "metadata": {
                      "operationMetadataId": "8b0e56dd-7ac9-4562-b362-d821d1374e9c"
                    },
                    "type": "OpenApiConnection",
                    "inputs": {
                      "host": {
                        "connectionName": "shared_commondataserviceforapps",
                        "operationId": "UpdateRecord",
                        "apiId": "/providers/Microsoft.PowerApps/apis/shared_commondataserviceforapps"
                      },
                      "parameters": {
                        "entityName": "ms_gameuserses",
                        "recordId": "@items('ApplytoUserResults_2')?['ms_gameuser/ms_gameusersid']",
                        "item/ms_match52": 0
                      },
                      "authentication": {
                        "type": "Raw",
                        "value": "@json(decodeBase64(triggerOutputs().headers['X-MS-APIM-Tokens']))['$ConnectionKey']"
                      }
                    }
                  }
                },
                "runAfter": {
                  "ListUsersMatches_2": [
                    "Succeeded"
                  ]
                },
                "metadata": {
                  "operationMetadataId": "acee766c-5606-4cec-8e96-59c6cf2e2740"
                },
                "type": "Foreach"
              }
            }
          },
          "expression": {
            "not": {
              "equals": [
                "@empty(outputs('GetAdminResults')?['body/value'])",
                "@true"
              ]
            }
          },
          "metadata": {
            "operationMetadataId": "006a3bce-6aeb-447c-8f5d-2cfc786baeac"
          },
          "type": "If"
        },
        "InitIsPopertyNotFound": {
          "runAfter": {
            "InitMatchesName": [
              "Succeeded"
            ]
          },
          "metadata": {
            "operationMetadataId": "5a17dcad-1437-4805-a37e-cdbd4b1bed31"
          },
          "type": "InitializeVariable",
          "inputs": {
            "variables": [
              {
                "name": "IsPropertyNotFound",
                "type": "boolean",
                "value": "@true"
              }
            ]
          }
        },
        "DoUntilFindProperty": {
          "actions": {
            "ListProperties": {
              "runAfter": {},
              "metadata": {
                "operationMetadataId": "351d5e0a-c5b2-46cb-b908-09e49b78926d"
              },
              "type": "OpenApiConnection",
              "inputs": {
                "host": {
                  "connectionName": "shared_commondataserviceforapps",
                  "operationId": "ListRecords",
                  "apiId": "/providers/Microsoft.PowerApps/apis/shared_commondataserviceforapps"
                },
                "parameters": {
                  "entityName": "ms_propertieses",
                  "$select": "ms_name,ms_value,ms_propertiesid",
                  "$filter": "ms_name eq 'match52InProgress'",
                  "$top": 1
                },
                "authentication": {
                  "type": "Raw",
                  "value": "@json(decodeBase64(triggerOutputs().headers['X-MS-APIM-Tokens']))['$ConnectionKey']"
                }
              }
            },
            "Set_variable": {
              "runAfter": {
                "ListProperties": [
                  "Succeeded"
                ]
              },
              "metadata": {
                "operationMetadataId": "a62a3a58-fc45-4849-93ea-0fbdd94c0a0c"
              },
              "type": "SetVariable",
              "inputs": {
                "name": "IsPropertyNotFound",
                "value": "@empty(outputs('ListProperties')?['body/value'])"
              }
            },
            "Apply_to_each": {
              "foreach": "@outputs('ListProperties')?['body/value']",
              "actions": {
                "Update_a_row": {
                  "runAfter": {},
                  "metadata": {
                    "operationMetadataId": "8148546f-5929-4443-b7dd-b372dc561a8d"
                  },
                  "type": "OpenApiConnection",
                  "inputs": {
                    "host": {
                      "connectionName": "shared_commondataserviceforapps",
                      "operationId": "UpdateRecord",
                      "apiId": "/providers/Microsoft.PowerApps/apis/shared_commondataserviceforapps"
                    },
                    "parameters": {
                      "entityName": "ms_propertieses",
                      "recordId": "@items('Apply_to_each')?['ms_propertiesid']",
                      "item/ms_value": "0"
                    },
                    "authentication": {
                      "type": "Raw",
                      "value": "@json(decodeBase64(triggerOutputs().headers['X-MS-APIM-Tokens']))['$ConnectionKey']"
                    }
                  }
                }
              },
              "runAfter": {
                "Set_variable": [
                  "Succeeded"
                ]
              },
              "metadata": {
                "operationMetadataId": "a4d7e5b7-037e-46a0-87d9-592e50a523d6"
              },
              "type": "Foreach"
            }
          },
          "runAfter": {
            "Condition": [
              "Succeeded",
              "Failed",
              "Skipped",
              "TimedOut"
            ]
          },
          "expression": "@equals(variables('IsPropertyNotFound'), false)",
          "limit": {
            "count": 600,
            "timeout": "PT1H"
          },
          "metadata": {
            "operationMetadataId": "c08d3850-b04f-4898-9acd-fff8c264c2b7"
          },
          "type": "Until"
        }
      }
    },
    "templateName": ""
  },
  "schemaVersion": "1.0.0.0"
}