{
  "properties": {
    "connectionReferences": {
      "shared_commondataserviceforapps": {
        "runtimeSource": "embedded",
        "connection": {
          "connectionReferenceLogicalName": "new_sharedcommondataserviceforapps_30613"
        },
        "api": {
          "name": "shared_commondataserviceforapps"
        }
      },
      "shared_teams": {
        "runtimeSource": "invoker",
        "connection": {
          "connectionReferenceLogicalName": "ms_sharedteams_0b0ec"
        },
        "api": {
          "name": "shared_teams"
        }
      }
    },
    "definition": {
      "$schema": "https://schema.management.azure.com/providers/Microsoft.Logic/schemas/2016-06-01/workflowdefinition.json#",
      "contentVersion": "1.0.0.0",
      "parameters": {
        "$connections": {
          "defaultValue": {},
          "type": "Object"
        },
        "$authentication": {
          "defaultValue": {},
          "type": "SecureObject"
        }
      },
      "triggers": {
        "manual": {
          "metadata": {
            "operationMetadataId": "9c7d0a38-00d5-4ac9-a0f6-85d87c9bc611"
          },
          "type": "Request",
          "kind": "PowerApp",
          "inputs": {
            "schema": {
              "type": "object",
              "properties": {
                "SharingTEAMsID_Value": {
                  "type": "any"
                },
                "SharingTEAMsChannelID_Value": {
                  "type": "any"
                }
              },
              "required": [
                "SharingTEAMsID_Value",
                "SharingTEAMsChannelID_Value"
              ]
            }
          }
        }
      },
      "actions": {
        "GetAdminResults": {
          "runAfter": {
            "InitIsPopertyNotFound": [
              "Succeeded"
            ]
          },
          "metadata": {
            "operationMetadataId": "cd7b9275-1ee8-40b5-b9c6-300bf2806a8e"
          },
          "type": "OpenApiConnection",
          "inputs": {
            "host": {
              "connectionName": "shared_commondataserviceforapps",
              "operationId": "ListRecords",
              "apiId": "/providers/Microsoft.PowerApps/apis/shared_commondataserviceforapps"
            },
            "parameters": {
              "entityName": "ms_matcheses",
              "$select": "ms_awayresult,ms_awayteam,ms_homeresult,ms_hometeam,ms_id,ms_matchesid,ms_name,ms_roundid,ms_selectedaway,ms_selectedhome,ms_user",
              "$filter": "ms_user eq 'admin' and ms_name eq '@{variables('MatchesName')}' and (ms_homeresult ne 0 or ms_awayresult ne 0)"
            },
            "authentication": {
              "type": "Raw",
              "value": "@json(decodeBase64(triggerOutputs().headers['X-MS-APIM-Tokens']))['$ConnectionKey']"
            }
          }
        },
        "InitSharingTEAMsID": {
          "runAfter": {
            "InitMatchesName": [
              "Succeeded"
            ]
          },
          "metadata": {
            "operationMetadataId": "b59126d5-2c38-4617-b1cc-ef23568af78a"
          },
          "type": "InitializeVariable",
          "inputs": {
            "variables": [
              {
                "name": "sharingTEAMsID",
                "type": "string",
                "value": "@{triggerBody()['SharingTEAMsID_Value']}"
              }
            ]
          }
        },
        "InitSharingTEAMsChannelID": {
          "runAfter": {
            "InitSharingTEAMsID": [
              "Succeeded"
            ]
          },
          "metadata": {
            "operationMetadataId": "f75b6705-f5eb-4aca-8464-6a80d2560935"
          },
          "type": "InitializeVariable",
          "inputs": {
            "variables": [
              {
                "name": "SharingTEAMsChannelID",
                "type": "string",
                "value": "@{triggerBody()['SharingTEAMsChannelID_Value']}"
              }
            ]
          }
        },
        "Condition": {
          "actions": {
            "PostNatificationToGameChannel": {
              "runAfter": {},
              "metadata": {
                "operationMetadataId": "c00d3837-3d9a-47f2-8b0b-3884e50783a5"
              },
              "type": "OpenApiConnection",
              "inputs": {
                "host": {
                  "connectionName": "shared_teams",
                  "operationId": "PostMessageToConversation",
                  "apiId": "/providers/Microsoft.PowerApps/apis/shared_teams"
                },
                "parameters": {
                  "poster": "Flow bot",
                  "location": "Channel",
                  "body/recipient/groupId": "@variables('sharingTEAMsID')",
                  "body/recipient/channelId": "@variables('SharingTEAMsChannelID')",
                  "body/messageBody": "<p>Hello Game Users!,</p>\n<p>Game admins have updated the Football World Championship 2022 Prediction Game results.</p>\n<p>Go to the Game Leaderboard and check your score.</p>"
                },
                "authentication": {
                  "type": "Raw",
                  "value": "@json(decodeBase64(triggerOutputs().headers['X-MS-APIM-Tokens']))['$ConnectionKey']"
                }
              }
            }
          },
          "runAfter": {
            "Condition_4": [
              "Succeeded"
            ]
          },
          "expression": {
            "and": [
              {
                "not": {
                  "equals": [
                    "@empty(variables('sharingTEAMsID'))",
                    "@true"
                  ]
                }
              },
              {
                "not": {
                  "equals": [
                    "@empty(variables('SharingTEAMsChannelID'))",
                    "@true"
                  ]
                }
              }
            ]
          },
          "metadata": {
            "operationMetadataId": "f097858e-ea2e-47cc-b02c-ef3ed27e7724"
          },
          "type": "If"
        },
        "PostMessageToGameAdmin": {
          "runAfter": {
            "Condition": [
              "Succeeded"
            ]
          },
          "metadata": {
            "operationMetadataId": "476033e0-69ac-48c5-82e7-bd032893a42a"
          },
          "type": "OpenApiConnection",
          "inputs": {
            "host": {
              "connectionName": "shared_teams",
              "operationId": "PostMessageToConversation",
              "apiId": "/providers/Microsoft.PowerApps/apis/shared_teams"
            },
            "parameters": {
              "poster": "Flow bot",
              "location": "Chat with Flow bot",
              "body/recipient": "@{triggerOutputs()['headers']['x-ms-user-email']};",
              "body/messageBody": "<p>FWC2022 Prediction Game score calculation is completed.</p>",
              "body/isAlert": true
            },
            "authentication": {
              "type": "Raw",
              "value": "@json(decodeBase64(triggerOutputs().headers['X-MS-APIM-Tokens']))['$ConnectionKey']"
            }
          }
        },
        "InitRanking": {
          "runAfter": {
            "InitSharingTEAMsChannelID": [
              "Succeeded"
            ]
          },
          "metadata": {
            "operationMetadataId": "5bba3ab4-1c23-4baa-9b20-c7b0a720696d"
          },
          "type": "InitializeVariable",
          "inputs": {
            "variables": [
              {
                "name": "Ranking",
                "type": "integer",
                "value": 0
              }
            ]
          }
        },
        "InitMatchesName": {
          "runAfter": {},
          "metadata": {
            "operationMetadataId": "fde7c6bc-1b94-455c-adc8-ee10f8667c8e"
          },
          "type": "InitializeVariable",
          "inputs": {
            "variables": [
              {
                "name": "MatchesName",
                "type": "string",
                "value": "63"
              }
            ]
          }
        },
        "InitCalculationCompleted": {
          "runAfter": {
            "InitRanking": [
              "Succeeded"
            ]
          },
          "metadata": {
            "operationMetadataId": "9410e2bc-957f-409e-9481-e8e3f244da6b"
          },
          "type": "InitializeVariable",
          "inputs": {
            "variables": [
              {
                "name": "CalculationCompleted",
                "type": "boolean",
                "value": "@false"
              }
            ]
          }
        },
        "Do_until": {
          "actions": {
            "GetPropertiesForMatchesCalculation": {
              "runAfter": {},
              "metadata": {
                "operationMetadataId": "65a8a11a-c72a-4d8d-9d01-28142ec49291"
              },
              "type": "OpenApiConnection",
              "inputs": {
                "host": {
                  "connectionName": "shared_commondataserviceforapps",
                  "operationId": "ListRecords",
                  "apiId": "/providers/Microsoft.PowerApps/apis/shared_commondataserviceforapps"
                },
                "parameters": {
                  "entityName": "ms_propertieses",
                  "$select": "ms_name,ms_value,ms_propertiesid",
                  "$filter": "(ms_name eq 'match49InProgress' or ms_name eq 'match50InProgress' or ms_name eq 'match51InProgress' or ms_name eq 'match52InProgress' or ms_name eq 'match53InProgress' or ms_name eq 'match54InProgress' or ms_name eq 'match55InProgress' or ms_name eq 'match56InProgress' or ms_name eq 'match57InProgress' or ms_name eq 'match58InProgress' or ms_name eq 'match59InProgress' or ms_name eq 'match60InProgress' or ms_name eq 'match61InProgress' or ms_name eq 'match62InProgress' or ms_name eq 'match63InProgress' ) and ms_value eq '1'",
                  "$top": 15
                },
                "authentication": {
                  "type": "Raw",
                  "value": "@json(decodeBase64(triggerOutputs().headers['X-MS-APIM-Tokens']))['$ConnectionKey']"
                }
              }
            },
            "SetCalculationCompleted": {
              "runAfter": {
                "GetPropertiesForMatchesCalculation": [
                  "Succeeded"
                ]
              },
              "metadata": {
                "operationMetadataId": "fe8a4f9f-0dc1-4007-934d-50909d28f3ae"
              },
              "type": "SetVariable",
              "inputs": {
                "name": "CalculationCompleted",
                "value": "@empty(outputs('GetPropertiesForMatchesCalculation')?['body/value'])"
              }
            },
            "Condition_2": {
              "actions": {
                "Delay": {
                  "runAfter": {},
                  "metadata": {
                    "operationMetadataId": "138d2a3e-d23a-4879-ba61-4bffc770c53f"
                  },
                  "type": "Wait",
                  "inputs": {
                    "interval": {
                      "count": 1,
                      "unit": "Minute"
                    }
                  }
                }
              },
              "runAfter": {
                "SetCalculationCompleted": [
                  "Succeeded"
                ]
              },
              "expression": {
                "not": {
                  "equals": [
                    "@variables('CalculationCompleted')",
                    "@true"
                  ]
                }
              },
              "metadata": {
                "operationMetadataId": "3083f3a7-7949-4f7c-940f-0552cd0c7012"
              },
              "type": "If"
            }
          },
          "runAfter": {
            "Condition_3": [
              "Succeeded",
              "Failed",
              "Skipped",
              "TimedOut"
            ]
          },
          "expression": "@equals(variables('CalculationCompleted'), true)",
          "limit": {
            "count": 1440,
            "timeout": "PT24H"
          },
          "metadata": {
            "operationMetadataId": "744c71e5-c789-4e1b-8141-07d38f2ae1d9"
          },
          "type": "Until"
        },
        "Condition_3": {
          "actions": {
            "ComposeAdminResults": {
              "runAfter": {},
              "metadata": {
                "operationMetadataId": "ca264d12-1684-4598-a9d8-a4b3548592bb"
              },
              "type": "Compose",
              "inputs": "@outputs('GetAdminResults')?['body/value']"
            },
            "ListUsersMatches": {
              "runAfter": {
                "Condition_5": [
                  "Succeeded"
                ]
              },
              "metadata": {
                "operationMetadataId": "68deddf5-7545-4626-ba5f-9862e21e26a6"
              },
              "type": "OpenApiConnection",
              "inputs": {
                "host": {
                  "connectionName": "shared_commondataserviceforapps",
                  "operationId": "ListRecords",
                  "apiId": "/providers/Microsoft.PowerApps/apis/shared_commondataserviceforapps"
                },
                "parameters": {
                  "entityName": "ms_matcheses",
                  "$select": "ms_awayresult,ms_awayteam,ms_homeresult,ms_hometeam,ms_id,ms_matchesid,ms_name,ms_roundid,ms_selectedaway,ms_selectedhome,ms_user",
                  "$filter": "ms_name eq '@{variables('MatchesName')}'  and ms_user ne 'admin' and ms_user ne 'base' ",
                  "$expand": "ms_GameUser($select=ms_gameusersid)"
                },
                "authentication": {
                  "type": "Raw",
                  "value": "@json(decodeBase64(triggerOutputs().headers['X-MS-APIM-Tokens']))['$ConnectionKey']"
                }
              },
              "runtimeConfiguration": {
                "paginationPolicy": {
                  "minimumItemCount": 100000
                }
              }
            },
            "ApplytoUserResults": {
              "foreach": "@outputs('ListUsersMatches')?['body/value']",
              "actions": {
                "SetUserFavorite": {
                  "runAfter": {},
                  "metadata": {
                    "operationMetadataId": "a7b38d08-44f9-426e-bdf4-3bdff8955190"
                  },
                  "type": "SetVariable",
                  "inputs": {
                    "name": "UserFavorite",
                    "value": "@if(\r\nequals(items('ApplytoUserResults')?['ms_homeresult'],1),items('ApplytoUserResults')?['ms_selectedhome'],\r\nif(\r\nequals(items('ApplytoUserResults')?['ms_awayresult'],1),items('ApplytoUserResults')?['ms_selectedaway'],1000\r\n)\r\n\r\n\r\n)"
                  }
                },
                "UpdateFinal": {
                  "runAfter": {
                    "SetUserFavorite": [
                      "Succeeded"
                    ]
                  },
                  "metadata": {
                    "operationMetadataId": "308d95c8-199f-46ab-b110-b364bb7de4af"
                  },
                  "type": "OpenApiConnection",
                  "inputs": {
                    "host": {
                      "connectionName": "shared_commondataserviceforapps",
                      "operationId": "UpdateRecord",
                      "apiId": "/providers/Microsoft.PowerApps/apis/shared_commondataserviceforapps"
                    },
                    "parameters": {
                      "entityName": "ms_gameuserses",
                      "recordId": "@items('ApplytoUserResults')?['ms_gameuser/ms_gameusersid']",
                      "item/ms_matchfinal": "@if(\r\n\t\r\n\t\tequals(variables('Winner'),variables('UserFavorite'))\r\n\t\r\n\t,500,0\r\n\r\n)"
                    },
                    "authentication": {
                      "type": "Raw",
                      "value": "@json(decodeBase64(triggerOutputs().headers['X-MS-APIM-Tokens']))['$ConnectionKey']"
                    }
                  }
                }
              },
              "runAfter": {
                "ListUsersMatches": [
                  "Succeeded"
                ]
              },
              "metadata": {
                "operationMetadataId": "a12bdcb6-1277-4b5c-836b-12f700f6c347"
              },
              "type": "Foreach"
            },
            "Condition_5": {
              "actions": {
                "Set_variable": {
                  "runAfter": {},
                  "metadata": {
                    "operationMetadataId": "08e761b4-1ae5-485f-94a9-b96441fc0e2f"
                  },
                  "type": "SetVariable",
                  "inputs": {
                    "name": "Winner",
                    "value": "@outputs('ComposeAdminResults')[0]?['ms_selectedhome']"
                  }
                }
              },
              "runAfter": {
                "ComposeAdminResults": [
                  "Succeeded"
                ]
              },
              "else": {
                "actions": {
                  "Condition_6": {
                    "actions": {
                      "Set_variable_2": {
                        "runAfter": {},
                        "metadata": {
                          "operationMetadataId": "0482eb30-6fd8-45c5-8f7b-04a5d3678610"
                        },
                        "type": "SetVariable",
                        "inputs": {
                          "name": "Winner",
                          "value": "@outputs('ComposeAdminResults')[0]?['ms_selectedaway']"
                        }
                      }
                    },
                    "runAfter": {},
                    "expression": {
                      "equals": [
                        "@outputs('ComposeAdminResults')[0]?['ms_awayresult']",
                        1
                      ]
                    },
                    "metadata": {
                      "operationMetadataId": "2078ed93-e7b7-4855-aecb-834c92a830b8"
                    },
                    "type": "If"
                  }
                }
              },
              "expression": {
                "equals": [
                  "@outputs('ComposeAdminResults')[0]?['ms_homeresult']",
                  1
                ]
              },
              "metadata": {
                "operationMetadataId": "747740e7-7002-4397-a0b6-dccd874ce81d"
              },
              "type": "If"
            }
          },
          "runAfter": {
            "GetAdminResults": [
              "Succeeded"
            ]
          },
          "expression": {
            "not": {
              "equals": [
                "@empty(outputs('GetAdminResults')?['body/value'])",
                "@true"
              ]
            }
          },
          "metadata": {
            "operationMetadataId": "ad8f1908-6d95-46ff-baaa-083ae1313866"
          },
          "type": "If"
        },
        "GetAdminResultsForRanking": {
          "runAfter": {
            "Do_until": [
              "Succeeded"
            ]
          },
          "metadata": {
            "operationMetadataId": "cd7b9275-1ee8-40b5-b9c6-300bf2806a8e"
          },
          "type": "OpenApiConnection",
          "inputs": {
            "host": {
              "connectionName": "shared_commondataserviceforapps",
              "operationId": "ListRecords",
              "apiId": "/providers/Microsoft.PowerApps/apis/shared_commondataserviceforapps"
            },
            "parameters": {
              "entityName": "ms_matcheses",
              "$select": "ms_awayresult,ms_awayteam,ms_homeresult,ms_hometeam,ms_id,ms_matchesid,ms_name,ms_roundid,ms_selectedaway,ms_selectedhome,ms_user",
              "$filter": "ms_user eq 'admin' and (ms_selectedhome ne 0 or ms_selectedaway ne 0)"
            },
            "authentication": {
              "type": "Raw",
              "value": "@json(decodeBase64(triggerOutputs().headers['X-MS-APIM-Tokens']))['$ConnectionKey']"
            }
          }
        },
        "Condition_4": {
          "actions": {
            "GetGameUsersForRanking": {
              "runAfter": {},
              "metadata": {
                "operationMetadataId": "4669418b-eaf9-468c-86da-4e6317e028bc"
              },
              "type": "OpenApiConnection",
              "inputs": {
                "host": {
                  "connectionName": "shared_commondataserviceforapps",
                  "operationId": "ListRecords",
                  "apiId": "/providers/Microsoft.PowerApps/apis/shared_commondataserviceforapps"
                },
                "parameters": {
                  "entityName": "ms_gameuserses",
                  "$select": "ms_displayname,ms_email,ms_gameusersid,ms_id,ms_name,ms_score,ms_ranking,ms_score",
                  "$orderby": "ms_score desc"
                },
                "authentication": {
                  "type": "Raw",
                  "value": "@json(decodeBase64(triggerOutputs().headers['X-MS-APIM-Tokens']))['$ConnectionKey']"
                }
              },
              "runtimeConfiguration": {
                "paginationPolicy": {
                  "minimumItemCount": 100000
                }
              }
            },
            "ApplyToEachForRanking": {
              "foreach": "@outputs('GetGameUsersForRanking')?['body/value']",
              "actions": {
                "IncrementRanking": {
                  "runAfter": {},
                  "metadata": {
                    "operationMetadataId": "53f361b9-1c5d-4c73-a2e4-acce672cfd4f"
                  },
                  "type": "IncrementVariable",
                  "inputs": {
                    "name": "Ranking",
                    "value": 1
                  }
                },
                "UpdateGameUsersRanking": {
                  "runAfter": {
                    "IncrementRanking": [
                      "Succeeded"
                    ]
                  },
                  "metadata": {
                    "operationMetadataId": "7103771c-eee3-43dd-a400-380b640c1a03"
                  },
                  "type": "OpenApiConnection",
                  "inputs": {
                    "host": {
                      "connectionName": "shared_commondataserviceforapps",
                      "operationId": "UpdateRecord",
                      "apiId": "/providers/Microsoft.PowerApps/apis/shared_commondataserviceforapps"
                    },
                    "parameters": {
                      "entityName": "ms_gameuserses",
                      "recordId": "@items('ApplyToEachForRanking')?['ms_gameusersid']",
                      "item/ms_ranking": "@variables('Ranking')"
                    },
                    "authentication": {
                      "type": "Raw",
                      "value": "@json(decodeBase64(triggerOutputs().headers['X-MS-APIM-Tokens']))['$ConnectionKey']"
                    }
                  }
                }
              },
              "runAfter": {
                "GetGameUsersForRanking": [
                  "Succeeded"
                ]
              },
              "metadata": {
                "operationMetadataId": "7f18f311-04ae-4063-8d34-5e70ce07bf72"
              },
              "type": "Foreach"
            }
          },
          "runAfter": {
            "GetAdminResultsForRanking": [
              "Succeeded"
            ]
          },
          "expression": {
            "not": {
              "equals": [
                "@empty(outputs('GetAdminResultsForRanking')?['body/value'])",
                "@true"
              ]
            }
          },
          "metadata": {
            "operationMetadataId": "bc69504e-bed1-4bba-ae8d-0a606790e745"
          },
          "type": "If"
        },
        "InitWinner": {
          "runAfter": {
            "InitCalculationCompleted": [
              "Succeeded"
            ]
          },
          "metadata": {
            "operationMetadataId": "637bc425-f2c0-473c-9013-d3bd9f44f152"
          },
          "type": "InitializeVariable",
          "inputs": {
            "variables": [
              {
                "name": "Winner",
                "type": "integer",
                "value": 0
              }
            ]
          }
        },
        "InitUserFavorite": {
          "runAfter": {
            "InitWinner": [
              "Succeeded"
            ]
          },
          "metadata": {
            "operationMetadataId": "052cc546-9ffa-4d55-b8d7-a694abae3865"
          },
          "type": "InitializeVariable",
          "inputs": {
            "variables": [
              {
                "name": "UserFavorite",
                "type": "integer",
                "value": 0
              }
            ]
          }
        },
        "InitIsPopertyNotFound": {
          "runAfter": {
            "InitUserFavorite": [
              "Succeeded"
            ]
          },
          "metadata": {
            "operationMetadataId": "5a17dcad-1437-4805-a37e-cdbd4b1bed31"
          },
          "type": "InitializeVariable",
          "inputs": {
            "variables": [
              {
                "name": "IsPropertyNotFound",
                "type": "boolean",
                "value": "@true"
              }
            ]
          }
        },
        "DoUntilFindProperty": {
          "actions": {
            "ListProperties": {
              "runAfter": {},
              "metadata": {
                "operationMetadataId": "351d5e0a-c5b2-46cb-b908-09e49b78926d"
              },
              "type": "OpenApiConnection",
              "inputs": {
                "host": {
                  "connectionName": "shared_commondataserviceforapps",
                  "operationId": "ListRecords",
                  "apiId": "/providers/Microsoft.PowerApps/apis/shared_commondataserviceforapps"
                },
                "parameters": {
                  "entityName": "ms_propertieses",
                  "$select": "ms_name,ms_value,ms_propertiesid",
                  "$filter": "ms_name eq 'calculationInProgress'",
                  "$top": 1
                },
                "authentication": {
                  "type": "Raw",
                  "value": "@json(decodeBase64(triggerOutputs().headers['X-MS-APIM-Tokens']))['$ConnectionKey']"
                }
              }
            },
            "Set_variable_3": {
              "runAfter": {
                "ListProperties": [
                  "Succeeded"
                ]
              },
              "metadata": {
                "operationMetadataId": "a62a3a58-fc45-4849-93ea-0fbdd94c0a0c"
              },
              "type": "SetVariable",
              "inputs": {
                "name": "IsPropertyNotFound",
                "value": "@empty(outputs('ListProperties')?['body/value'])"
              }
            },
            "Apply_to_each_2": {
              "foreach": "@outputs('ListProperties')?['body/value']",
              "actions": {
                "Update_a_row": {
                  "runAfter": {},
                  "metadata": {
                    "operationMetadataId": "8148546f-5929-4443-b7dd-b372dc561a8d"
                  },
                  "type": "OpenApiConnection",
                  "inputs": {
                    "host": {
                      "connectionName": "shared_commondataserviceforapps",
                      "operationId": "UpdateRecord",
                      "apiId": "/providers/Microsoft.PowerApps/apis/shared_commondataserviceforapps"
                    },
                    "parameters": {
                      "entityName": "ms_propertieses",
                      "recordId": "@items('Apply_to_each_2')?['ms_propertiesid']",
                      "item/ms_value": "0"
                    },
                    "authentication": {
                      "type": "Raw",
                      "value": "@json(decodeBase64(triggerOutputs().headers['X-MS-APIM-Tokens']))['$ConnectionKey']"
                    }
                  }
                }
              },
              "runAfter": {
                "Set_variable_3": [
                  "Succeeded"
                ]
              },
              "metadata": {
                "operationMetadataId": "a4d7e5b7-037e-46a0-87d9-592e50a523d6"
              },
              "type": "Foreach"
            }
          },
          "runAfter": {
            "PostMessageToGameAdmin": [
              "Succeeded",
              "Failed",
              "Skipped",
              "TimedOut"
            ]
          },
          "expression": "@equals(variables('IsPropertyNotFound'), false)",
          "limit": {
            "count": 600,
            "timeout": "PT1H"
          },
          "metadata": {
            "operationMetadataId": "c08d3850-b04f-4898-9acd-fff8c264c2b7"
          },
          "type": "Until"
        }
      }
    },
    "templateName": ""
  },
  "schemaVersion": "1.0.0.0"
}