<ImportExportXml version="9.2.22103.194" SolutionPackageVersion="9.2" languagecode="1033" generatedBy="CrmLive" xmlns:xsi="http://www.w3.org/2001/XMLSchema-instance">
  <SolutionManifest>
    <UniqueName>WC2022PredictionGameSolution</UniqueName>
    <LocalizedNames>
      <LocalizedName description="FWC22 Prediction Game Solution" languagecode="1033" />
    </LocalizedNames>
    <Descriptions />
    <Version>1.0.0.11</Version>
    <Managed>0</Managed>
    <Publisher>
      <UniqueName>WC2022Game</UniqueName>
      <LocalizedNames>
        <LocalizedName description="WC2022Game" languagecode="1033" />
      </LocalizedNames>
      <Descriptions>
        <Description description="WC2022Game Default Publisher" languagecode="1033" />
      </Descriptions>
      <EMailAddress xsi:nil="true"></EMailAddress>
      <SupportingWebsiteUrl xsi:nil="true"></SupportingWebsiteUrl>
      <CustomizationPrefix>ms</CustomizationPrefix>
      <CustomizationOptionValuePrefix>12470</CustomizationOptionValuePrefix>
      <Addresses>
        <Address>
          <AddressNumber>1</AddressNumber>
          <AddressTypeCode>1</AddressTypeCode>
          <City xsi:nil="true"></City>
          <County xsi:nil="true"></County>
          <Country xsi:nil="true"></Country>
          <Fax xsi:nil="true"></Fax>
          <FreightTermsCode xsi:nil="true"></FreightTermsCode>
          <ImportSequenceNumber xsi:nil="true"></ImportSequenceNumber>
          <Latitude xsi:nil="true"></Latitude>
          <Line1 xsi:nil="true"></Line1>
          <Line2 xsi:nil="true"></Line2>
          <Line3 xsi:nil="true"></Line3>
          <Longitude xsi:nil="true"></Longitude>
          <Name xsi:nil="true"></Name>
          <PostalCode xsi:nil="true"></PostalCode>
          <PostOfficeBox xsi:nil="true"></PostOfficeBox>
          <PrimaryContactName xsi:nil="true"></PrimaryContactName>
          <ShippingMethodCode>1</ShippingMethodCode>
          <StateOrProvince xsi:nil="true"></StateOrProvince>
          <Telephone1 xsi:nil="true"></Telephone1>
          <Telephone2 xsi:nil="true"></Telephone2>
          <Telephone3 xsi:nil="true"></Telephone3>
          <TimeZoneRuleVersionNumber xsi:nil="true"></TimeZoneRuleVersionNumber>
          <UPSZone xsi:nil="true"></UPSZone>
          <UTCOffset xsi:nil="true"></UTCOffset>
          <UTCConversionTimeZoneCode xsi:nil="true"></UTCConversionTimeZoneCode>
        </Address>
        <Address>
          <AddressNumber>2</AddressNumber>
          <AddressTypeCode>1</AddressTypeCode>
          <City xsi:nil="true"></City>
          <County xsi:nil="true"></County>
          <Country xsi:nil="true"></Country>
          <Fax xsi:nil="true"></Fax>
          <FreightTermsCode xsi:nil="true"></FreightTermsCode>
          <ImportSequenceNumber xsi:nil="true"></ImportSequenceNumber>
          <Latitude xsi:nil="true"></Latitude>
          <Line1 xsi:nil="true"></Line1>
          <Line2 xsi:nil="true"></Line2>
          <Line3 xsi:nil="true"></Line3>
          <Longitude xsi:nil="true"></Longitude>
          <Name xsi:nil="true"></Name>
          <PostalCode xsi:nil="true"></PostalCode>
          <PostOfficeBox xsi:nil="true"></PostOfficeBox>
          <PrimaryContactName xsi:nil="true"></PrimaryContactName>
          <ShippingMethodCode>1</ShippingMethodCode>
          <StateOrProvince xsi:nil="true"></StateOrProvince>
          <Telephone1 xsi:nil="true"></Telephone1>
          <Telephone2 xsi:nil="true"></Telephone2>
          <Telephone3 xsi:nil="true"></Telephone3>
          <TimeZoneRuleVersionNumber xsi:nil="true"></TimeZoneRuleVersionNumber>
          <UPSZone xsi:nil="true"></UPSZone>
          <UTCOffset xsi:nil="true"></UTCOffset>
          <UTCConversionTimeZoneCode xsi:nil="true"></UTCConversionTimeZoneCode>
        </Address>
      </Addresses>
    </Publisher>
    <RootComponents>
      <RootComponent type="1" schemaName="ms_gameusers" behavior="0" />
      <RootComponent type="1" schemaName="ms_matches" behavior="0" />
      <RootComponent type="1" schemaName="ms_multilingual" behavior="0" />
      <RootComponent type="1" schemaName="ms_properties" behavior="0" />
      <RootComponent type="1" schemaName="ms_wcteams" behavior="0" />
      <RootComponent type="29" id="{24114b38-2a37-ed11-9db1-6045bd94d52d}" behavior="0" />
      <RootComponent type="29" id="{26114b38-2a37-ed11-9db1-6045bd94d52d}" behavior="0" />
      <RootComponent type="29" id="{2c114b38-2a37-ed11-9db1-6045bd94d52d}" behavior="0" />
      <RootComponent type="29" id="{2d114b38-2a37-ed11-9db1-6045bd94d52d}" behavior="0" />
      <RootComponent type="29" id="{3a7e51ae-4b26-ed11-9db1-000d3a2d25c3}" behavior="0" />
      <RootComponent type="29" id="{5d8820f8-2837-ed11-9db1-6045bd94d52d}" behavior="0" />
      <RootComponent type="29" id="{67114b38-2a37-ed11-9db1-6045bd94d52d}" behavior="0" />
      <RootComponent type="29" id="{68114b38-2a37-ed11-9db1-6045bd94d52d}" behavior="0" />
      <RootComponent type="29" id="{68dee39c-2937-ed11-9db1-6045bd94d52d}" behavior="0" />
      <RootComponent type="29" id="{69dee39c-2937-ed11-9db1-6045bd94d52d}" behavior="0" />
      <RootComponent type="29" id="{6adee39c-2937-ed11-9db1-6045bd94d52d}" behavior="0" />
      <RootComponent type="29" id="{6d114b38-2a37-ed11-9db1-6045bd94d52d}" behavior="0" />
      <RootComponent type="29" id="{713b6f9b-732c-ed11-9db1-6045bd94d52d}" behavior="0" />
      <RootComponent type="29" id="{77dee39c-2937-ed11-9db1-6045bd94d52d}" behavior="0" />
      <RootComponent type="29" id="{aadee39c-2937-ed11-9db1-6045bd94d52d}" behavior="0" />
      <RootComponent type="29" id="{abdee39c-2937-ed11-9db1-6045bd94d52d}" behavior="0" />
      <RootComponent type="29" id="{addee39c-2937-ed11-9db1-6045bd94d52d}" behavior="0" />
      <RootComponent type="300" schemaName="ms_wc22predictiongameadminapp_d973b" behavior="0" />
      <RootComponent type="300" schemaName="ms_wc22predictiongame_f07da" behavior="0" />
      <RootComponent type="431" schemaName="ms_wcteams ms_flag" behavior="0" />
      <RootComponent type="432" schemaName="ms_wcteams" behavior="0" />
    </RootComponents>
    <MissingDependencies />
  </SolutionManifest>
</ImportExportXml>